SaleID,CustomerID,ProductID,SaleDate,Quantity,SaleAmount,Discount,TotalAmount,PaymentMethod,SalesRepID
1,999,15,2024-05-02 06:06:43.008536,6,595.48,146.51,448.97,Bank Transfer,37
2,993,30,2023-08-17 06:06:43.008563,5,407.1,33.24,373.86,Debit Card,5
3,195,42,2023-10-09 06:06:43.008578,9,492.18,79.31,412.87,Credit Card,4
4,694,4,2024-04-27 06:06:43.008590,2,561.46,93.33,468.13000000000005,Debit Card,47
5,426,11,2023-09-24 06:06:43.008604,5,849.53,68.4,781.13,Debit Card,3
6,582,32,2023-09-06 06:06:43.008616,3,105.94,16.25,89.69,Credit Card,6
7,586,2,2024-04-12 06:06:43.008626,9,594.37,112.88,481.49,Credit Card,3
8,700,76,2023-08-10 06:06:43.008640,6,821.0,26.08,794.92,PayPal,40
9,157,22,2023-10-16 06:06:43.008655,3,383.19,74.46,308.73,Credit Card,24
10,747,38,2023-08-11 06:06:43.008666,6,936.24,117.9,818.34,PayPal,16
11,413,91,2023-09-06 06:06:43.008675,3,882.52,17.64,864.88,Credit Card,5
12,578,49,2023-10-04 06:06:43.008684,9,41.07,9.6,31.47,Credit Card,7
13,981,8,2023-08-24 06:06:43.008693,2,263.21,7.78,255.42999999999998,Debit Card,14
14,651,73,2023-11-06 06:06:43.008701,8,331.1,45.83,285.27000000000004,Bank Transfer,1
15,790,39,2023-07-26 06:06:43.008710,10,156.65,21.97,134.68,Credit Card,42
16,872,58,2023-11-15 06:06:43.008721,2,926.68,52.29,874.39,Credit Card,10
17,29,59,2023-09-15 06:06:43.008729,8,290.79,70.92,219.87,Credit Card,25
18,555,85,2024-05-09 06:06:43.008739,3,639.07,5.33,633.74,Credit Card,48
19,311,71,2024-01-04 06:06:43.008749,7,736.0,91.15,644.85,Bank Transfer,32
20,360,91,2023-07-15 06:06:43.008759,5,699.54,13.15,686.39,Credit Card,41
21,379,54,2023-11-09 06:06:43.008768,5,952.96,111.49,841.47,Debit Card,39
22,497,41,2024-03-09 06:06:43.008777,3,293.66,7.95,285.71000000000004,Debit Card,14
23,200,62,2023-10-19 06:06:43.008786,4,304.86,39.98,264.88,Debit Card,35
24,761,75,2024-06-10 06:06:43.008795,10,286.36,21.44,264.92,Credit Card,45
25,948,77,2023-12-20 06:06:43.008806,5,75.48,10.4,65.08,PayPal,5
26,294,72,2023-07-08 06:06:43.008816,1,421.93,86.48,335.45,Bank Transfer,13
27,166,13,2024-04-21 06:06:43.008825,1,957.53,160.39,797.14,Debit Card,50
28,210,29,2023-12-18 06:06:43.008834,8,606.16,2.01,604.15,Debit Card,26
29,652,50,2023-08-13 06:06:43.008844,4,814.29,152.53,661.76,PayPal,46
30,177,76,2024-01-06 06:06:43.008853,2,387.65,84.2,303.45,Bank Transfer,5
31,795,89,2024-02-05 06:06:43.008863,1,266.78,21.46,245.31999999999996,Debit Card,49
32,432,91,2023-07-31 06:06:43.008872,3,182.11,34.83,147.28000000000003,Credit Card,14
33,957,39,2023-09-04 06:06:43.008881,2,238.77,8.45,230.32000000000002,Credit Card,4
34,358,50,2024-05-16 06:06:43.008890,6,244.94,29.46,215.48,Bank Transfer,44
35,726,61,2023-12-06 06:06:43.008900,1,621.87,10.51,611.36,Debit Card,10
36,511,32,2023-12-10 06:06:43.008909,7,719.74,166.12,553.62,PayPal,29
37,988,48,2024-05-10 06:06:43.008919,3,364.52,3.65,360.87,Bank Transfer,49
38,715,44,2024-05-31 06:06:43.008929,2,787.28,125.95,661.3299999999999,Bank Transfer,50
39,986,9,2023-09-18 06:06:43.008937,8,430.23,91.89,338.34000000000003,Bank Transfer,22
40,556,30,2024-04-24 06:06:43.008946,5,949.07,193.96,755.11,PayPal,34
41,274,34,2023-12-14 06:06:43.008955,8,605.1,22.87,582.23,Credit Card,12
42,993,39,2024-05-14 06:06:43.008964,8,197.12,4.53,192.59,PayPal,45
43,74,22,2024-02-09 06:06:43.008974,4,589.61,10.21,579.4,Debit Card,43
44,524,43,2024-05-20 06:06:43.008983,8,800.14,58.09,742.05,PayPal,37
45,870,25,2024-04-03 06:06:43.008992,9,391.6,89.96,301.64000000000004,PayPal,19
46,6,2,2023-07-15 06:06:43.009000,10,301.96,61.5,240.45999999999998,PayPal,22
47,773,71,2023-06-25 06:06:43.009009,7,219.74,53.08,166.66000000000003,PayPal,10
48,798,16,2023-07-29 06:06:43.009018,4,212.98,47.82,165.16,Credit Card,8
49,1,91,2024-01-01 06:06:43.009027,5,313.12,15.55,297.57,Credit Card,39
50,667,19,2023-12-21 06:06:43.009035,5,200.22,22.07,178.15,Debit Card,23
51,194,67,2024-03-05 06:06:43.009043,7,688.12,79.61,608.51,Credit Card,47
52,453,80,2024-02-13 06:06:43.009051,4,42.77,6.25,36.52,Debit Card,18
53,403,89,2023-12-12 06:06:43.009060,4,23.69,5.3,18.39,Debit Card,45
54,415,47,2024-02-18 06:06:43.009069,2,481.4,64.95,416.45,Bank Transfer,26
55,43,42,2023-09-27 06:06:43.009077,6,706.93,91.86,615.0699999999999,Debit Card,6
56,915,11,2023-09-27 06:06:43.009087,1,376.57,55.88,320.69,Debit Card,9
57,378,10,2024-05-10 06:06:43.009096,10,594.98,26.42,568.5600000000001,Credit Card,47
58,613,90,2023-09-13 06:06:43.009105,6,24.51,4.83,19.68,Credit Card,47
59,783,74,2023-06-20 06:06:43.009114,7,110.82,16.43,94.38999999999999,Credit Card,23
60,206,97,2023-10-26 06:06:43.009124,4,146.14,0.9,145.23999999999998,Credit Card,20
61,914,53,2024-05-25 06:06:43.009133,5,99.54,3.83,95.71000000000001,Bank Transfer,40
62,755,22,2023-07-12 06:06:43.009142,1,486.42,69.86,416.56,Bank Transfer,41
63,685,6,2024-02-26 06:06:43.009150,5,395.83,78.18,317.65,PayPal,14
64,98,74,2024-01-30 06:06:43.009161,2,771.41,188.16,583.25,Credit Card,35
65,961,19,2023-12-27 06:06:43.009170,2,491.49,2.16,489.33,Debit Card,8
66,684,49,2023-09-01 06:06:43.009180,1,312.78,65.36,247.41999999999996,Bank Transfer,6
67,223,39,2024-03-23 06:06:43.009188,10,553.8,89.05,464.74999999999994,Debit Card,32
68,883,95,2023-08-08 06:06:43.009197,8,606.4,80.81,525.5899999999999,Bank Transfer,12
69,47,73,2023-09-05 06:06:43.009207,3,195.31,31.62,163.69,PayPal,2
70,933,51,2024-01-06 06:06:43.009217,10,199.72,44.16,155.56,Bank Transfer,2
71,63,48,2023-10-03 06:06:43.009226,9,338.12,22.43,315.69,Debit Card,33
72,335,65,2023-10-06 06:06:43.009235,9,756.29,36.7,719.5899999999999,Debit Card,22
73,230,78,2023-08-20 06:06:43.009244,10,726.94,6.7,720.24,Credit Card,5
74,820,54,2024-03-18 06:06:43.009253,5,216.78,39.08,177.7,Bank Transfer,20
75,857,3,2024-01-29 06:06:43.009261,7,87.3,8.88,78.42,PayPal,24
76,829,85,2024-03-24 06:06:43.009270,1,88.59,7.4,81.19,Bank Transfer,6
77,268,56,2023-08-10 06:06:43.009287,7,940.03,27.97,912.06,Bank Transfer,11
78,439,25,2023-11-27 06:06:43.009298,6,952.83,145.94,806.8900000000001,Bank Transfer,29
79,245,15,2024-01-15 06:06:43.009307,6,229.41,53.41,176.0,PayPal,39
80,165,82,2023-08-18 06:06:43.009316,8,915.75,202.61,713.14,Debit Card,28
81,138,92,2024-04-01 06:06:43.009325,5,185.15,33.1,152.05,Debit Card,46
82,663,94,2023-09-25 06:06:43.009334,2,399.48,89.26,310.22,PayPal,37
83,514,56,2023-12-18 06:06:43.009342,5,845.41,39.23,806.18,PayPal,35
84,668,77,2023-11-05 06:06:43.009352,2,849.24,100.66,748.58,PayPal,13
85,467,78,2023-11-24 06:06:43.009360,7,101.17,25.18,75.99000000000001,Bank Transfer,12
86,797,14,2024-04-15 06:06:43.009368,9,89.8,11.15,78.64999999999999,Credit Card,7
87,761,14,2023-09-07 06:06:43.009376,3,185.79,16.57,169.22,PayPal,24
88,199,78,2024-02-11 06:06:43.009385,7,817.41,154.04,663.37,Credit Card,10
89,852,72,2024-01-01 06:06:43.009393,6,946.33,211.69,734.6400000000001,Bank Transfer,40
90,521,39,2024-01-30 06:06:43.009402,3,335.16,26.61,308.55,Credit Card,12
91,377,10,2023-08-25 06:06:43.009411,8,41.0,0.07,40.93,Credit Card,22
92,564,3,2023-06-29 06:06:43.009429,6,231.35,14.71,216.64,Bank Transfer,38
93,593,35,2024-06-07 06:06:43.009438,8,567.98,6.24,561.74,Debit Card,10
94,564,96,2024-05-05 06:06:43.009448,4,711.55,39.52,672.03,Credit Card,24
95,299,43,2024-03-31 06:06:43.009460,7,318.19,68.98,249.20999999999998,PayPal,43
96,508,38,2023-07-06 06:06:43.009469,8,788.37,158.43,629.94,PayPal,17
97,833,46,2023-09-24 06:06:43.009477,8,887.04,16.68,870.36,PayPal,3
98,299,11,2023-11-14 06:06:43.009486,8,499.28,23.61,475.66999999999996,PayPal,48
99,936,80,2024-04-06 06:06:43.009494,5,921.16,124.57,796.5899999999999,Bank Transfer,13
100,408,74,2024-02-11 06:06:43.009502,10,21.1,2.78,18.32,PayPal,34
101,302,78,2024-01-12 06:06:43.009510,10,404.77,51.83,352.94,Bank Transfer,43
102,427,30,2024-02-29 06:06:43.009519,5,900.88,115.39,785.49,Debit Card,2
103,553,49,2024-02-11 06:06:43.009536,5,393.24,40.22,353.02,Bank Transfer,25
104,173,40,2023-07-29 06:06:43.009544,5,493.56,99.72,393.84000000000003,Credit Card,18
105,735,99,2023-07-15 06:06:43.009552,4,257.9,30.25,227.64999999999998,Credit Card,36
106,512,54,2024-05-29 06:06:43.009560,1,481.02,71.55,409.46999999999997,PayPal,6
107,419,100,2024-03-28 06:06:43.009569,9,147.68,0.36,147.32,Bank Transfer,1
108,431,34,2024-06-02 06:06:43.009577,7,514.09,56.46,457.63000000000005,Bank Transfer,21
109,845,51,2023-09-02 06:06:43.009585,3,183.03,23.88,159.15,Bank Transfer,28
110,911,78,2023-09-17 06:06:43.009594,10,368.63,57.04,311.59,Credit Card,43
111,952,46,2023-09-05 06:06:43.009603,9,791.4,15.09,776.31,Credit Card,23
112,784,84,2024-04-27 06:06:43.009611,1,476.15,83.06,393.09,PayPal,24
113,916,29,2024-04-09 06:06:43.009619,3,613.84,72.27,541.57,Debit Card,30
114,839,16,2024-05-26 06:06:43.009627,8,535.04,61.95,473.09,Debit Card,38
115,256,19,2023-09-12 06:06:43.009635,4,885.94,180.18,705.76,Debit Card,41
116,855,14,2024-04-23 06:06:43.009643,1,69.44,9.44,60.0,Credit Card,50
117,207,35,2023-11-06 06:06:43.009652,5,391.21,82.62,308.59,Debit Card,25
118,215,99,2023-08-12 06:06:43.009662,8,663.45,133.18,530.27,PayPal,15
119,378,84,2024-03-26 06:06:43.009670,6,737.65,1.27,736.38,Debit Card,44
120,810,51,2023-10-06 06:06:43.009678,4,145.43,28.78,116.65,PayPal,39
121,431,38,2024-04-28 06:06:43.009686,9,682.44,30.84,651.6,Bank Transfer,19
122,828,60,2024-01-15 06:06:43.009694,1,633.3,131.86,501.43999999999994,Credit Card,16
123,257,74,2023-12-14 06:06:43.009702,6,723.53,21.94,701.5899999999999,Bank Transfer,6
124,68,85,2023-10-14 06:06:43.009710,7,729.72,48.54,681.1800000000001,Bank Transfer,40
125,118,90,2024-03-25 06:06:43.009719,8,490.11,64.92,425.19,Credit Card,18
126,540,35,2024-03-07 06:06:43.009727,7,731.19,1.15,730.0400000000001,Debit Card,12
127,15,96,2024-03-15 06:06:43.009736,8,175.56,8.58,166.98,Bank Transfer,45
128,509,46,2023-12-19 06:06:43.009750,2,152.82,25.96,126.85999999999999,PayPal,16
129,275,73,2023-10-11 06:06:43.009761,4,58.84,2.47,56.370000000000005,PayPal,21
130,220,30,2023-07-07 06:06:43.009771,10,290.06,15.31,274.75,PayPal,40
131,203,70,2024-01-29 06:06:43.009780,10,48.86,6.88,41.98,PayPal,22
132,661,75,2024-03-23 06:06:43.009789,10,89.37,19.81,69.56,Credit Card,5
133,96,56,2024-06-05 06:06:43.009797,7,731.9,49.26,682.64,Debit Card,34
134,143,69,2024-01-15 06:06:43.009806,5,400.45,98.9,301.54999999999995,Debit Card,50
135,527,89,2024-01-29 06:06:43.009815,6,645.79,124.77,521.02,Bank Transfer,17
136,175,12,2023-09-08 06:06:43.009823,7,889.89,209.46,680.43,PayPal,21
137,76,70,2023-11-01 06:06:43.009833,1,772.79,142.21,630.5799999999999,Debit Card,32
138,505,52,2023-12-26 06:06:43.009841,4,860.98,191.73,669.25,Bank Transfer,39
139,602,63,2024-02-05 06:06:43.009849,7,92.19,1.55,90.64,PayPal,10
140,473,82,2024-01-05 06:06:43.009858,5,933.99,147.45,786.54,Bank Transfer,38
141,986,54,2023-08-22 06:06:43.009867,3,761.53,128.23,633.3,Debit Card,13
142,153,61,2024-03-06 06:06:43.009877,2,187.11,7.92,179.19000000000003,Credit Card,35
143,437,99,2024-04-29 06:06:43.009886,10,947.03,124.25,822.78,Bank Transfer,1
144,435,74,2024-03-09 06:06:43.009896,4,562.58,111.77,450.81000000000006,PayPal,46
145,457,36,2023-08-10 06:06:43.009904,9,273.52,35.75,237.76999999999998,Debit Card,35
146,644,54,2023-12-13 06:06:43.009912,6,940.51,78.81,861.7,Debit Card,35
147,4,22,2024-03-14 06:06:43.009921,1,227.62,7.37,220.25,PayPal,27
148,928,27,2024-03-27 06:06:43.009930,4,436.88,53.08,383.8,PayPal,16
149,67,91,2023-11-22 06:06:43.009938,6,924.75,111.51,813.24,Debit Card,25
150,328,20,2024-05-13 06:06:43.009947,10,453.17,74.66,378.51,Bank Transfer,39
151,218,27,2023-08-04 06:06:43.009956,8,587.08,119.58,467.50000000000006,Debit Card,1
152,101,44,2024-06-14 06:06:43.009965,4,744.54,20.23,724.31,Bank Transfer,18
153,444,13,2024-02-21 06:06:43.010006,9,71.37,13.97,57.400000000000006,Bank Transfer,49
154,872,30,2023-06-20 06:06:43.010020,3,855.51,98.21,757.3,Credit Card,35
155,21,45,2023-10-02 06:06:43.010029,1,464.5,54.0,410.5,PayPal,16
156,56,59,2023-11-02 06:06:43.010038,4,150.41,20.25,130.16,Bank Transfer,3
157,839,21,2024-02-02 06:06:43.010046,2,865.97,191.36,674.61,PayPal,25
158,240,11,2023-09-29 06:06:43.010053,3,820.39,97.17,723.22,PayPal,40
159,40,57,2023-10-18 06:06:43.010066,1,381.39,92.47,288.91999999999996,Bank Transfer,39
160,109,18,2024-02-08 06:06:43.010074,10,281.41,56.86,224.55,Bank Transfer,20
161,294,21,2023-06-24 06:06:43.010082,6,606.61,30.46,576.15,Debit Card,5
162,545,46,2023-09-13 06:06:43.010090,7,653.81,54.97,598.8399999999999,Debit Card,15
163,932,10,2024-05-29 06:06:43.010098,10,594.78,56.31,538.47,PayPal,32
164,179,55,2024-02-20 06:06:43.010107,1,978.54,112.33,866.2099999999999,Bank Transfer,22
165,466,80,2023-12-11 06:06:43.010115,4,253.78,43.11,210.67000000000002,Credit Card,27
166,106,5,2024-02-04 06:06:43.010122,8,485.26,78.33,406.93,Debit Card,27
167,445,100,2024-04-30 06:06:43.010130,4,336.48,35.74,300.74,PayPal,34
168,912,83,2024-04-14 06:06:43.010139,4,587.04,98.71,488.33,Debit Card,20
169,657,93,2023-08-08 06:06:43.010147,2,337.72,4.97,332.75,Bank Transfer,12
170,775,75,2024-04-21 06:06:43.010155,4,920.28,18.6,901.68,Credit Card,46
171,351,31,2023-08-21 06:06:43.010163,3,972.14,114.67,857.47,PayPal,38
172,832,12,2024-05-09 06:06:43.010171,1,688.45,48.12,640.33,PayPal,34
173,686,84,2024-03-26 06:06:43.010179,8,821.99,79.05,742.94,Credit Card,25
174,108,60,2023-08-31 06:06:43.010190,2,346.03,4.97,341.05999999999995,Credit Card,50
175,34,21,2024-03-18 06:06:43.010198,8,675.19,6.85,668.34,Credit Card,18
176,261,51,2023-07-10 06:06:43.010206,10,153.09,28.32,124.77000000000001,Credit Card,28
177,222,46,2023-09-04 06:06:43.010214,10,26.91,5.72,21.19,Debit Card,33
178,277,7,2023-09-18 06:06:43.010223,4,391.07,82.12,308.95,Credit Card,36
179,747,7,2024-03-04 06:06:43.010231,8,588.8,136.21,452.5899999999999,Debit Card,4
180,375,70,2023-09-17 06:06:43.010239,1,167.01,1.1,165.91,Debit Card,21
181,892,79,2023-06-21 06:06:43.010248,4,919.94,193.66,726.2800000000001,Credit Card,22
182,567,73,2023-11-16 06:06:43.010255,6,352.76,39.98,312.78,Credit Card,18
183,799,30,2023-12-07 06:06:43.010263,2,494.55,111.86,382.69,Debit Card,6
184,450,78,2023-07-19 06:06:43.010272,1,381.54,79.81,301.73,PayPal,18
185,412,49,2023-08-26 06:06:43.010281,9,979.01,231.09,747.92,Credit Card,43
186,260,73,2024-05-29 06:06:43.010289,4,414.55,71.02,343.53000000000003,Debit Card,44
187,603,6,2024-04-08 06:06:43.010299,6,59.73,6.3,53.43,PayPal,22
188,417,33,2023-12-11 06:06:43.010310,3,283.95,52.0,231.95,Bank Transfer,20
189,629,27,2024-06-01 06:06:43.010319,7,153.81,1.87,151.94,Credit Card,22
190,618,64,2024-02-28 06:06:43.010328,5,739.49,57.97,681.52,Bank Transfer,32
191,104,37,2024-03-07 06:06:43.010336,4,905.68,137.55,768.1299999999999,PayPal,2
192,867,46,2023-12-31 06:06:43.010344,2,945.49,57.23,888.26,PayPal,33
193,411,14,2023-11-10 06:06:43.010353,3,502.65,45.52,457.13,Bank Transfer,30
194,902,31,2024-01-12 06:06:43.010363,6,318.8,20.79,298.01,PayPal,28
195,556,63,2024-03-14 06:06:43.010370,8,488.07,76.06,412.01,Bank Transfer,5
196,714,17,2024-05-07 06:06:43.010379,9,538.83,111.64,427.19000000000005,Credit Card,40
197,819,33,2024-02-12 06:06:43.010387,2,850.61,204.5,646.11,Bank Transfer,15
198,635,64,2024-04-27 06:06:43.010396,3,121.17,29.29,91.88,Bank Transfer,35
199,763,59,2024-06-10 06:06:43.010404,1,98.2,6.61,91.59,PayPal,40
200,925,39,2023-08-09 06:06:43.010413,1,152.24,36.15,116.09,PayPal,47
201,972,40,2024-05-09 06:06:43.010421,6,110.94,5.04,105.89999999999999,PayPal,35
202,449,30,2024-05-08 06:06:43.010431,3,88.28,16.54,71.74000000000001,Credit Card,4
203,498,74,2024-03-19 06:06:43.010440,10,633.65,89.7,543.9499999999999,Bank Transfer,3
204,944,100,2024-05-08 06:06:43.010448,8,454.35,10.67,443.68,Credit Card,21
205,492,80,2024-02-02 06:06:43.010456,9,746.5,72.17,674.33,Debit Card,43
206,320,15,2024-01-27 06:06:43.010465,2,384.67,46.8,337.87,PayPal,10
207,571,51,2023-06-23 06:06:43.010474,1,972.99,39.63,933.36,Debit Card,25
208,763,40,2024-01-17 06:06:43.010482,10,63.91,1.18,62.73,Bank Transfer,41
209,862,96,2023-12-05 06:06:43.010490,6,779.79,90.48,689.31,Bank Transfer,41
210,739,98,2023-07-18 06:06:43.010499,4,935.98,67.7,868.28,Credit Card,22
211,30,77,2023-07-28 06:06:43.010507,6,523.36,79.55,443.81,Credit Card,4
212,626,43,2023-10-18 06:06:43.010516,5,174.05,12.37,161.68,PayPal,18
213,316,42,2023-07-09 06:06:43.010524,4,555.61,73.08,482.53000000000003,Bank Transfer,20
214,144,51,2023-09-10 06:06:43.010533,5,755.98,168.67,587.3100000000001,PayPal,24
215,819,40,2024-01-20 06:06:43.010541,6,941.66,39.07,902.5899999999999,Credit Card,22
216,966,65,2024-05-19 06:06:43.010550,4,572.97,33.21,539.76,Bank Transfer,6
217,453,43,2024-02-12 06:06:43.010558,3,726.58,160.26,566.32,PayPal,10
218,554,63,2024-02-01 06:06:43.010567,10,446.25,95.71,350.54,PayPal,11
219,702,39,2023-10-18 06:06:43.010576,2,608.36,77.71,530.65,Bank Transfer,19
220,770,43,2024-02-13 06:06:43.010584,2,194.81,18.83,175.98000000000002,PayPal,11
221,361,12,2023-07-20 06:06:43.010592,4,582.75,11.51,571.24,PayPal,22
222,100,60,2024-05-29 06:06:43.010601,3,93.97,1.95,92.02,Bank Transfer,10
223,671,60,2024-03-29 06:06:43.010611,3,523.24,24.75,498.49,Credit Card,40
224,529,24,2023-12-31 06:06:43.010619,8,910.37,38.56,871.81,Debit Card,7
225,630,40,2023-06-23 06:06:43.010628,8,159.63,5.8,153.82999999999998,PayPal,37
226,692,62,2024-01-27 06:06:43.010637,5,897.79,13.01,884.78,Credit Card,28
227,455,51,2023-12-30 06:06:43.010645,4,457.83,64.0,393.83,Credit Card,50
228,771,52,2023-10-18 06:06:43.010655,7,551.91,82.44,469.46999999999997,Credit Card,43
229,334,2,2024-02-15 06:06:43.010664,6,577.27,90.46,486.81,PayPal,31
230,482,100,2023-07-07 06:06:43.010672,10,137.63,30.27,107.36,Debit Card,5
231,661,71,2023-12-01 06:06:43.010680,2,134.25,10.73,123.52,Debit Card,30
232,236,73,2023-08-14 06:06:43.010689,9,395.25,79.59,315.65999999999997,Debit Card,30
233,840,44,2024-06-05 06:06:43.010698,5,194.44,46.35,148.09,PayPal,12
234,343,1,2023-12-15 06:06:43.010708,7,702.91,140.28,562.63,Debit Card,7
235,369,31,2023-12-10 06:06:43.010717,2,352.62,71.67,280.95,Debit Card,17
236,537,66,2024-04-28 06:06:43.010725,7,72.11,11.14,60.97,Bank Transfer,43
237,973,8,2023-10-11 06:06:43.010734,3,266.95,11.42,255.53,PayPal,21
238,509,15,2023-09-22 06:06:43.010742,9,314.47,60.2,254.27000000000004,PayPal,50
239,847,50,2024-06-11 06:06:43.010751,8,200.95,35.3,165.64999999999998,Credit Card,32
240,420,55,2023-10-15 06:06:43.010759,8,578.48,28.83,549.65,Debit Card,33
241,827,48,2023-11-29 06:06:43.010768,9,847.03,58.03,789.0,Credit Card,28
242,818,71,2023-08-18 06:06:43.010776,7,279.59,5.41,274.17999999999995,Bank Transfer,18
243,1,11,2023-09-06 06:06:43.010784,7,832.78,140.82,691.96,PayPal,9
244,971,63,2023-11-02 06:06:43.010792,10,768.57,128.42,640.1500000000001,Bank Transfer,24
245,797,70,2023-07-07 06:06:43.010800,2,457.02,20.23,436.78999999999996,Debit Card,13
246,538,45,2024-06-06 06:06:43.010808,7,446.35,18.01,428.34000000000003,PayPal,40
247,202,82,2024-06-12 06:06:43.010816,4,373.8,33.92,339.88,Bank Transfer,19
248,564,97,2024-04-14 06:06:43.010825,3,194.36,28.79,165.57000000000002,Bank Transfer,26
249,298,92,2024-03-16 06:06:43.010832,7,187.82,29.95,157.87,Credit Card,30
250,741,76,2024-04-08 06:06:43.010841,9,358.46,48.32,310.14,Debit Card,28
251,108,34,2023-07-26 06:06:43.010849,2,31.54,3.83,27.71,Bank Transfer,47
252,577,92,2024-04-23 06:06:43.010858,6,760.76,109.17,651.59,PayPal,2
253,953,25,2024-04-14 06:06:43.010866,3,168.95,23.49,145.45999999999998,Bank Transfer,12
254,255,67,2023-12-07 06:06:43.010874,4,299.67,60.44,239.23000000000002,PayPal,43
255,678,73,2024-05-23 06:06:43.010883,9,501.96,44.92,457.03999999999996,Credit Card,6
256,535,61,2024-05-31 06:06:43.010891,1,686.28,22.84,663.4399999999999,Debit Card,12
257,593,1,2023-12-26 06:06:43.010900,9,303.78,53.89,249.89,Bank Transfer,42
258,507,66,2024-06-05 06:06:43.010908,3,258.39,61.4,196.98999999999998,PayPal,1
259,665,66,2023-11-15 06:06:43.010916,6,722.23,169.0,553.23,Bank Transfer,26
260,676,36,2023-09-21 06:06:43.010925,1,780.12,50.77,729.35,Credit Card,42
261,666,30,2023-11-02 06:06:43.010934,4,20.65,3.91,16.74,Debit Card,36
262,782,49,2023-07-09 06:06:43.010942,10,837.93,47.19,790.74,Credit Card,26
263,429,38,2024-02-08 06:06:43.010951,10,542.28,9.19,533.0899999999999,PayPal,20
264,76,13,2024-02-09 06:06:43.010960,3,760.78,95.87,664.91,Credit Card,37
265,190,37,2023-10-15 06:06:43.010968,5,365.88,66.11,299.77,Bank Transfer,38
266,987,83,2024-02-13 06:06:43.010977,5,188.21,22.96,165.25,Bank Transfer,8
267,68,75,2024-05-05 06:06:43.010985,9,674.89,14.69,660.1999999999999,Debit Card,14
268,411,86,2024-04-01 06:06:43.010994,7,287.49,40.61,246.88,Credit Card,31
269,785,29,2023-10-17 06:06:43.011002,10,252.13,31.16,220.97,Bank Transfer,24
270,935,62,2023-12-09 06:06:43.011011,10,882.95,174.32,708.6300000000001,Debit Card,12
271,958,51,2023-11-25 06:06:43.011020,7,383.67,48.48,335.19,Credit Card,3
272,110,61,2023-08-25 06:06:43.011028,8,569.09,49.57,519.52,Debit Card,6
273,532,34,2023-06-27 06:06:43.011037,1,30.39,0.14,30.25,Debit Card,23
274,376,67,2023-10-14 06:06:43.011047,1,324.95,28.78,296.16999999999996,PayPal,37
275,162,14,2023-10-08 06:06:43.011056,8,95.59,13.76,81.83,Credit Card,41
276,855,82,2023-10-03 06:06:43.011064,10,771.65,26.18,745.47,Bank Transfer,36
277,47,52,2024-05-07 06:06:43.011072,4,80.18,13.82,66.36000000000001,PayPal,18
278,513,63,2023-12-15 06:06:43.011080,8,187.55,30.41,157.14000000000001,Debit Card,31
279,197,14,2023-11-29 06:06:43.011089,7,911.67,60.17,851.5,Debit Card,24
280,70,94,2023-11-04 06:06:43.011098,4,598.51,38.63,559.88,PayPal,28
281,388,27,2023-12-23 06:06:43.011107,5,481.78,98.26,383.52,Bank Transfer,11
282,591,88,2024-03-23 06:06:43.011115,8,833.5,157.07,676.4300000000001,Debit Card,13
283,217,100,2024-01-30 06:06:43.011124,4,322.27,57.18,265.09,PayPal,24
284,132,62,2023-07-09 06:06:43.011134,3,695.77,84.76,611.01,Credit Card,38
285,261,35,2023-10-04 06:06:43.011143,7,558.77,27.53,531.24,PayPal,20
286,727,53,2024-03-06 06:06:43.011151,8,42.04,0.82,41.22,Credit Card,12
287,705,72,2024-05-18 06:06:43.011162,6,989.69,8.03,981.6600000000001,Bank Transfer,22
288,599,12,2024-03-02 06:06:43.011172,10,478.74,96.31,382.43,Debit Card,12
289,67,64,2024-05-11 06:06:43.011180,1,874.2,14.4,859.8000000000001,Debit Card,34
290,541,97,2024-02-25 06:06:43.011189,7,486.53,67.41,419.12,Bank Transfer,15
291,320,21,2024-04-03 06:06:43.011196,3,891.51,171.59,719.92,Debit Card,38
292,455,19,2023-11-30 06:06:43.011367,1,121.5,12.45,109.05,Bank Transfer,47
293,927,62,2024-04-04 06:06:43.011381,6,729.03,94.76,634.27,Credit Card,33
294,241,35,2023-10-07 06:06:43.011389,2,130.95,18.46,112.48999999999998,Credit Card,48
295,829,26,2024-05-08 06:06:43.011399,7,249.56,38.5,211.06,Bank Transfer,1
296,671,46,2023-11-15 06:06:43.011406,2,480.72,78.51,402.21000000000004,Credit Card,13
297,315,96,2023-09-08 06:06:43.011414,2,718.5,93.72,624.78,Debit Card,32
298,257,30,2023-10-17 06:06:43.011422,8,604.45,147.02,457.43000000000006,Credit Card,35
299,327,87,2024-03-09 06:06:43.011431,10,92.78,17.71,75.07,Bank Transfer,50
300,98,12,2023-07-12 06:06:43.011439,3,973.18,224.57,748.6099999999999,Bank Transfer,44
301,351,85,2024-05-03 06:06:43.011450,4,157.63,28.48,129.15,Debit Card,10
302,43,56,2023-12-25 06:06:43.011460,4,117.16,15.03,102.13,Credit Card,15
303,587,73,2024-05-23 06:06:43.011468,1,875.64,99.56,776.0799999999999,Credit Card,30
304,732,18,2024-03-16 06:06:43.011476,5,854.22,164.52,689.7,Bank Transfer,28
305,332,8,2024-04-21 06:06:43.011484,1,109.29,12.55,96.74000000000001,Debit Card,29
306,939,69,2023-08-06 06:06:43.011492,2,950.27,159.42,790.85,Credit Card,46
307,890,12,2024-06-12 06:06:43.011501,6,539.65,68.93,470.71999999999997,PayPal,40
308,735,70,2023-09-01 06:06:43.011509,3,965.81,2.42,963.39,Bank Transfer,22
309,89,97,2023-11-17 06:06:43.011517,5,955.15,52.15,903.0,Debit Card,12
310,259,16,2023-11-28 06:06:43.011526,6,757.85,159.06,598.79,Credit Card,31
311,112,5,2024-02-01 06:06:43.011534,1,542.1,2.8,539.3000000000001,Debit Card,25
312,427,3,2024-06-11 06:06:43.011543,3,838.68,185.54,653.14,PayPal,43
313,279,88,2024-03-20 06:06:43.011551,7,402.39,54.46,347.93,Bank Transfer,14
314,638,1,2024-02-17 06:06:43.011560,5,675.03,141.63,533.4,Bank Transfer,14
315,188,55,2024-04-30 06:06:43.011568,3,284.0,50.98,233.02,PayPal,40
316,567,87,2024-01-01 06:06:43.011576,9,218.69,35.84,182.85,Debit Card,14
317,100,53,2023-07-31 06:06:43.011584,10,112.95,16.91,96.04,Credit Card,4
318,556,26,2023-12-15 06:06:43.011593,1,601.24,98.17,503.07,Credit Card,1
319,147,75,2024-04-07 06:06:43.011601,2,237.0,9.26,227.74,Debit Card,43
320,852,12,2024-03-27 06:06:43.011609,10,574.57,86.31,488.26000000000005,Credit Card,23
321,628,41,2024-03-07 06:06:43.011617,2,549.78,55.98,493.79999999999995,Credit Card,27
322,668,40,2024-06-07 06:06:43.011626,5,831.42,57.06,774.3599999999999,Debit Card,19
323,684,12,2023-06-28 06:06:43.011634,3,475.12,78.53,396.59000000000003,Debit Card,9
324,860,60,2023-09-29 06:06:43.011642,4,626.34,127.9,498.44000000000005,Bank Transfer,18
325,655,49,2024-03-03 06:06:43.011651,3,822.48,4.65,817.83,Bank Transfer,22
326,359,55,2023-09-16 06:06:43.011659,9,762.32,156.27,606.0500000000001,Debit Card,44
327,850,65,2023-07-10 06:06:43.011667,9,393.11,36.16,356.95000000000005,PayPal,38
328,554,42,2023-09-02 06:06:43.011676,6,819.35,202.67,616.6800000000001,PayPal,40
329,525,9,2024-04-25 06:06:43.011684,9,37.73,5.89,31.839999999999996,PayPal,45
330,253,50,2023-12-20 06:06:43.011692,7,265.14,10.87,254.26999999999998,Debit Card,49
331,838,49,2023-10-10 06:06:43.011702,8,206.7,13.98,192.72,Credit Card,35
332,960,21,2023-08-16 06:06:43.011711,6,629.18,150.61,478.56999999999994,PayPal,26
333,370,91,2023-08-03 06:06:43.011721,2,316.58,75.07,241.51,Bank Transfer,19
334,258,47,2024-04-14 06:06:43.011729,7,762.79,53.55,709.24,Credit Card,32
335,631,100,2024-03-09 06:06:43.011738,10,752.29,96.71,655.5799999999999,Debit Card,16
336,484,50,2023-07-29 06:06:43.011748,5,202.44,12.29,190.15,Credit Card,48
337,744,77,2023-10-06 06:06:43.011759,6,867.98,199.11,668.87,Debit Card,32
338,107,80,2024-04-16 06:06:43.011767,9,485.76,16.15,469.61,PayPal,26
339,34,55,2024-06-07 06:06:43.011774,6,369.82,13.88,355.94,Bank Transfer,48
340,190,37,2023-07-26 06:06:43.011781,10,63.74,0.72,63.02,PayPal,12
341,865,34,2024-04-18 06:06:43.011789,9,129.25,9.66,119.59,PayPal,16
342,378,38,2023-11-08 06:06:43.011798,4,627.75,131.3,496.45,Credit Card,42
343,729,17,2024-04-06 06:06:43.011807,6,876.57,197.61,678.96,PayPal,19
344,410,58,2024-02-20 06:06:43.011816,10,69.97,7.08,62.89,PayPal,19
345,196,5,2023-07-27 06:06:43.011824,1,256.21,32.46,223.74999999999997,Credit Card,32
346,425,75,2023-09-15 06:06:43.011834,3,396.06,6.65,389.41,Credit Card,45
347,454,83,2023-11-08 06:06:43.011843,4,202.29,24.45,177.84,Debit Card,25
348,583,67,2023-10-24 06:06:43.011852,5,775.41,46.24,729.17,Debit Card,42
349,318,49,2023-08-02 06:06:43.011860,7,987.18,22.56,964.62,Debit Card,26
350,376,68,2023-08-31 06:06:43.011869,4,799.3,170.73,628.5699999999999,PayPal,2
351,798,17,2023-10-15 06:06:43.011880,9,572.05,5.09,566.9599999999999,Credit Card,22
352,920,39,2023-12-02 06:06:43.011888,10,526.17,29.6,496.56999999999994,PayPal,22
353,116,83,2024-02-28 06:06:43.011896,9,58.69,10.69,48.0,Credit Card,46
354,909,87,2024-03-17 06:06:43.011906,10,984.34,176.74,807.6,Credit Card,25
355,210,20,2023-09-25 06:06:43.011915,9,867.55,159.75,707.8,PayPal,13
356,605,14,2024-04-23 06:06:43.011924,9,731.29,130.48,600.81,Bank Transfer,18
357,192,10,2023-08-03 06:06:43.011932,2,620.93,52.17,568.76,Debit Card,2
358,51,40,2024-05-24 06:06:43.011941,5,146.57,35.04,111.53,Debit Card,36
359,571,25,2023-08-08 06:06:43.011950,5,705.77,74.39,631.38,Credit Card,27
360,518,31,2023-12-11 06:06:43.011959,7,549.64,108.99,440.65,Debit Card,33
361,14,91,2023-08-14 06:06:43.011967,2,397.6,76.91,320.69000000000005,Credit Card,3
362,424,13,2024-06-06 06:06:43.011976,7,338.27,54.4,283.87,Bank Transfer,9
363,521,55,2024-01-20 06:06:43.011985,10,321.67,48.34,273.33000000000004,PayPal,35
364,876,93,2023-10-16 06:06:43.011995,5,317.62,39.79,277.83,Bank Transfer,26
365,817,75,2023-12-23 06:06:43.012004,4,851.5,86.56,764.94,Credit Card,12
366,677,45,2024-05-11 06:06:43.012012,6,609.87,115.44,494.43,Debit Card,41
367,291,13,2023-08-01 06:06:43.012020,6,752.36,115.49,636.87,Bank Transfer,24
368,926,22,2023-11-16 06:06:43.012029,5,909.46,46.28,863.1800000000001,Credit Card,9
369,160,66,2024-02-23 06:06:43.012037,7,438.26,29.85,408.40999999999997,PayPal,50
370,688,81,2024-03-30 06:06:43.012046,6,925.24,119.59,805.65,PayPal,25
371,603,26,2023-06-30 06:06:43.012053,6,901.91,138.66,763.25,Debit Card,43
372,383,77,2023-12-12 06:06:43.012278,3,787.62,138.32,649.3,Credit Card,37
373,712,73,2023-09-02 06:06:43.012304,6,61.95,6.86,55.09,PayPal,17
374,397,72,2024-03-10 06:06:43.012316,8,211.39,46.28,165.10999999999999,Debit Card,31
375,221,61,2023-10-19 06:06:43.012328,5,489.92,62.23,427.69,Debit Card,47
376,706,49,2023-10-15 06:06:43.012338,10,56.4,13.74,42.66,Bank Transfer,39
377,79,61,2023-08-13 06:06:43.012347,4,717.95,161.94,556.01,Credit Card,19
378,183,10,2024-01-25 06:06:43.012356,4,370.34,59.8,310.53999999999996,Credit Card,3
379,352,3,2023-06-23 06:06:43.012363,6,965.03,86.63,878.4,Credit Card,5
380,527,84,2024-03-16 06:06:43.012372,7,836.02,73.38,762.64,Credit Card,14
381,195,42,2023-12-08 06:06:43.012379,3,259.75,37.62,222.13,Credit Card,8
382,768,92,2023-10-18 06:06:43.012387,9,501.21,10.49,490.71999999999997,Credit Card,36
383,372,90,2024-03-08 06:06:43.012396,5,481.02,101.94,379.08,Debit Card,29
384,763,13,2024-03-07 06:06:43.012405,3,669.38,41.04,628.34,PayPal,50
385,872,39,2024-05-27 06:06:43.012414,10,922.05,30.78,891.27,Debit Card,34
386,838,56,2023-09-17 06:06:43.012424,9,436.19,78.13,358.06,PayPal,44
387,176,82,2023-07-21 06:06:43.012432,2,554.14,106.5,447.64,PayPal,39
388,990,59,2024-02-05 06:06:43.012439,10,693.17,133.58,559.5899999999999,Credit Card,2
389,345,48,2024-06-03 06:06:43.012446,5,436.03,108.0,328.03,Bank Transfer,26
390,898,65,2023-12-10 06:06:43.012454,6,667.32,95.05,572.2700000000001,Bank Transfer,4
391,381,8,2023-07-14 06:06:43.012462,10,738.83,54.3,684.5300000000001,Credit Card,11
392,555,9,2024-05-03 06:06:43.012470,2,241.11,20.35,220.76000000000002,Credit Card,45
393,394,86,2023-12-01 06:06:43.012477,8,261.62,11.74,249.88,Credit Card,33
394,855,7,2023-07-17 06:06:43.012484,10,141.26,19.85,121.41,Debit Card,12
395,833,71,2023-12-19 06:06:43.012491,3,856.01,61.7,794.31,Bank Transfer,42
396,944,34,2024-06-15 06:06:43.012498,5,533.13,41.33,491.8,Debit Card,21
397,929,68,2024-01-28 06:06:43.012507,8,336.0,82.88,253.12,Bank Transfer,44
398,614,81,2024-03-14 06:06:43.012514,10,116.55,14.0,102.55,Debit Card,40
399,590,85,2023-12-07 06:06:43.012521,8,786.19,115.98,670.21,Bank Transfer,37
400,526,7,2024-02-22 06:06:43.012529,8,609.79,9.98,599.81,Debit Card,48
401,972,70,2024-03-23 06:06:43.012535,9,688.79,146.51,542.28,Credit Card,6
402,725,33,2024-05-10 06:06:43.012541,10,709.01,77.72,631.29,Debit Card,7
403,758,21,2023-12-13 06:06:43.012547,6,281.07,41.48,239.59,Debit Card,12
404,263,98,2023-12-23 06:06:43.012552,4,219.2,46.79,172.41,Debit Card,48
405,495,44,2024-02-10 06:06:43.012557,3,620.21,68.23,551.98,Credit Card,27
406,313,2,2023-11-14 06:06:43.012565,5,21.44,4.24,17.200000000000003,Bank Transfer,15
407,427,13,2024-03-01 06:06:43.012574,2,65.1,1.3,63.8,Bank Transfer,23
408,684,40,2023-09-23 06:06:43.012583,10,145.48,34.04,111.44,Bank Transfer,43
409,885,65,2024-06-14 06:06:43.012593,8,477.29,108.78,368.51,Debit Card,15
410,702,37,2024-04-19 06:06:43.012599,3,155.22,7.14,148.08,Debit Card,30
411,82,52,2024-01-25 06:06:43.012604,8,709.45,154.22,555.23,Debit Card,46
412,462,75,2024-05-05 06:06:43.012613,6,580.95,61.27,519.6800000000001,Credit Card,18
413,54,89,2023-08-24 06:06:43.012622,2,822.32,7.79,814.5300000000001,PayPal,7
414,834,85,2023-10-05 06:06:43.012627,1,305.06,19.08,285.98,Bank Transfer,43
415,578,25,2023-09-05 06:06:43.012633,5,926.89,145.39,781.5,Bank Transfer,47
416,493,67,2024-05-15 06:06:43.012638,6,116.64,10.06,106.58,PayPal,43
417,537,57,2023-08-14 06:06:43.012644,7,388.57,58.13,330.44,PayPal,4
418,128,43,2024-02-09 06:06:43.012649,1,73.15,17.7,55.45,Credit Card,9
419,70,82,2023-08-21 06:06:43.012654,2,836.97,42.93,794.0400000000001,Debit Card,45
420,463,66,2024-05-05 06:06:43.012659,8,539.32,57.17,482.15000000000003,Bank Transfer,16
421,509,22,2023-12-31 06:06:43.012664,10,238.99,46.35,192.64000000000001,Debit Card,17
422,51,2,2024-06-17 06:06:43.012670,8,326.24,71.93,254.31,Bank Transfer,30
423,966,65,2023-09-27 06:06:43.012679,9,21.73,1.56,20.17,Bank Transfer,7
424,270,54,2024-05-11 06:06:43.012688,10,152.41,3.43,148.98,Debit Card,26
425,112,53,2024-04-23 06:06:43.012697,3,107.26,21.11,86.15,Credit Card,7
426,669,88,2024-02-25 06:06:43.012703,8,132.25,22.89,109.36,Bank Transfer,4
427,52,88,2024-04-07 06:06:43.012709,7,509.16,127.08,382.08000000000004,Bank Transfer,2
428,464,64,2024-05-08 06:06:43.012713,1,505.79,114.15,391.64,PayPal,29
429,337,33,2024-05-31 06:06:43.012719,10,954.62,105.95,848.67,Bank Transfer,6
430,140,91,2023-08-06 06:06:43.012728,2,773.05,53.79,719.26,Debit Card,31
431,768,71,2023-09-17 06:06:43.012737,8,283.56,36.66,246.9,Bank Transfer,47
432,28,24,2023-08-10 06:06:43.012742,5,188.6,24.92,163.68,Credit Card,10
433,354,80,2024-02-02 06:06:43.012747,9,949.34,43.0,906.34,Credit Card,4
434,898,38,2024-05-05 06:06:43.012752,8,557.03,26.96,530.0699999999999,Debit Card,41
435,309,49,2024-01-09 06:06:43.012758,1,630.29,101.85,528.4399999999999,Credit Card,1
436,811,49,2024-03-15 06:06:43.012764,7,340.55,9.0,331.55,Credit Card,46
437,94,40,2024-02-17 06:06:43.012781,1,104.52,2.31,102.21,PayPal,29
438,524,100,2023-08-28 06:06:43.012786,3,422.4,74.64,347.76,Debit Card,4
439,651,17,2024-01-23 06:06:43.012792,10,884.38,128.27,756.11,Debit Card,5
440,349,51,2023-12-31 06:06:43.012796,9,944.22,132.58,811.64,Credit Card,16
441,400,46,2024-02-08 06:06:43.012801,1,457.83,32.63,425.2,PayPal,36
442,864,1,2023-06-23 06:06:43.012805,2,409.08,91.52,317.56,PayPal,34
443,686,26,2024-03-25 06:06:43.012810,1,607.58,122.01,485.57000000000005,Debit Card,3
444,231,76,2023-12-27 06:06:43.012814,8,887.99,107.73,780.26,Credit Card,35
445,807,6,2024-05-29 06:06:43.012819,4,872.31,106.67,765.64,Debit Card,2
446,621,21,2023-09-09 06:06:43.012824,5,392.02,90.4,301.62,Credit Card,42
447,897,95,2023-07-13 06:06:43.012828,1,721.02,167.42,553.6,PayPal,42
448,121,53,2023-08-26 06:06:43.012832,6,368.74,50.99,317.75,PayPal,12
449,127,81,2024-06-13 06:06:43.012837,8,155.95,17.67,138.27999999999997,Debit Card,8
450,613,72,2023-08-05 06:06:43.012841,2,723.05,148.73,574.3199999999999,Credit Card,32
451,604,44,2023-07-06 06:06:43.012846,2,732.15,100.83,631.3199999999999,PayPal,9
452,791,54,2024-03-05 06:06:43.012850,4,439.19,87.6,351.59000000000003,Credit Card,49
453,884,4,2023-12-05 06:06:43.012855,5,605.59,121.68,483.91,Debit Card,38
454,20,80,2023-10-10 06:06:43.012859,6,67.48,7.91,59.57000000000001,Debit Card,28
455,892,29,2024-05-08 06:06:43.012863,9,290.16,11.93,278.23,PayPal,6
456,659,57,2024-03-11 06:06:43.012868,4,913.2,70.12,843.08,PayPal,33
457,734,24,2024-04-18 06:06:43.012872,6,485.25,37.24,448.01,PayPal,20
458,176,63,2024-06-16 06:06:43.012878,10,342.8,12.5,330.3,Debit Card,44
459,613,29,2024-06-01 06:06:43.012883,4,282.74,0.28,282.46000000000004,Debit Card,9
460,798,93,2023-12-29 06:06:43.012888,1,106.79,11.34,95.45,Credit Card,35
461,652,98,2024-01-02 06:06:43.012892,10,455.8,5.94,449.86,Bank Transfer,34
462,630,18,2024-01-31 06:06:43.012896,9,805.62,108.66,696.96,Bank Transfer,14
463,149,37,2024-03-28 06:06:43.012901,8,580.5,111.61,468.89,Debit Card,23
464,197,16,2024-01-20 06:06:43.012905,7,901.55,153.25,748.3,Credit Card,42
465,547,10,2023-07-19 06:06:43.012910,1,155.65,32.06,123.59,Credit Card,17
466,550,90,2023-11-02 06:06:43.012915,2,552.85,37.57,515.28,Debit Card,11
467,54,34,2023-09-02 06:06:43.012919,5,827.12,100.91,726.21,Bank Transfer,37
468,255,67,2023-12-19 06:06:43.012924,8,479.53,97.47,382.05999999999995,Bank Transfer,12
469,779,33,2023-11-11 06:06:43.012929,10,154.18,34.78,119.4,PayPal,22
470,671,40,2024-05-25 06:06:43.012933,10,477.48,29.01,448.47,PayPal,16
471,380,57,2024-02-28 06:06:43.012938,7,739.94,141.28,598.6600000000001,Credit Card,15
472,458,75,2023-10-02 06:06:43.012942,4,144.46,35.24,109.22,Debit Card,47
473,457,97,2023-10-28 06:06:43.012947,2,160.03,8.83,151.2,PayPal,17
474,926,38,2023-09-18 06:06:43.012952,2,815.23,43.43,771.8000000000001,Bank Transfer,22
475,755,76,2023-08-01 06:06:43.012957,4,744.88,153.09,591.79,Bank Transfer,1
476,502,9,2023-09-24 06:06:43.012961,5,861.15,211.15,650.0,PayPal,46
477,814,56,2023-10-30 06:06:43.012968,5,207.52,11.98,195.54000000000002,PayPal,25
478,772,87,2024-04-18 06:06:43.012977,6,613.88,138.06,475.82,Bank Transfer,23
479,482,37,2024-03-08 06:06:43.012987,2,863.64,75.74,787.9,PayPal,1
480,361,13,2024-02-03 06:06:43.012995,3,221.44,4.2,217.24,Debit Card,25
481,217,29,2024-03-16 06:06:43.013004,5,79.37,4.23,75.14,Credit Card,7
482,101,9,2023-10-11 06:06:43.013010,6,364.18,11.79,352.39,PayPal,46
483,726,61,2023-07-31 06:06:43.013014,2,212.99,26.8,186.19,PayPal,12
484,58,73,2024-04-20 06:06:43.013020,5,313.86,21.83,292.03000000000003,Credit Card,15
485,772,83,2023-12-08 06:06:43.013031,9,680.53,162.94,517.5899999999999,Credit Card,46
486,258,5,2024-06-03 06:06:43.013040,2,989.15,154.88,834.27,Credit Card,30
487,989,31,2023-08-21 06:06:43.013049,2,453.56,9.12,444.44,PayPal,42
488,192,28,2024-05-16 06:06:43.013053,8,450.12,105.78,344.34000000000003,Credit Card,31
489,326,32,2024-01-18 06:06:43.013058,6,614.92,72.86,542.06,Debit Card,27
490,67,21,2023-10-23 06:06:43.013062,1,528.38,12.62,515.76,PayPal,2
491,905,52,2023-10-20 06:06:43.013066,8,791.23,47.06,744.1700000000001,Bank Transfer,16
492,455,90,2024-01-11 06:06:43.013070,5,867.39,146.56,720.8299999999999,Bank Transfer,14
493,964,7,2023-07-15 06:06:43.013076,4,263.34,13.18,250.15999999999997,Debit Card,2
494,97,54,2023-11-30 06:06:43.013080,4,716.95,145.16,571.7900000000001,Credit Card,49
495,931,49,2024-02-27 06:06:43.013085,8,195.97,0.2,195.77,Bank Transfer,27
496,723,96,2023-12-19 06:06:43.013089,4,879.42,108.27,771.15,Bank Transfer,19
497,885,50,2024-04-05 06:06:43.013094,10,311.34,76.91,234.42999999999998,Credit Card,10
498,962,37,2023-07-03 06:06:43.013098,4,349.5,20.18,329.32,Debit Card,13
499,422,19,2024-05-08 06:06:43.013103,7,96.19,22.71,73.47999999999999,Bank Transfer,50
500,472,93,2023-08-18 06:06:43.013107,3,154.15,5.11,149.04,Debit Card,18
